id,fullname,job,gender,city,salary,birthday
1,Annadiane Lindback,Desktop Support Technician,Female,Baliuag Nuevo,6039,1995/11/21
2,Corrie Zuanazzi,Assistant Media Planner,Male,Chongru,10576,1960/08/03
3,Arlyn Whapple,Geological Engineer,Female,Chabu,3106,1981/04/12
4,Niel Reddy,Occupational Therapist,Male,Jindong,18057,1972/04/14
5,Nessie Olsson,VP Product Management,Female,Kostinbrod,6408,1998/01/30
6,Jordanna Corser,Senior Developer,Female,Strathmore,6393,1981/10/30
7,Obadiah Inglish,Senior Sales Associate,Male,Semerak,18784,1965/04/03
8,Waiter Thiem,Research Assistant III,Male,Lutou,5278,1959/01/22
9,Jo-ann Frankowski,Senior Developer,Female,Tianhe,10957,1971/06/02
10,Clair Duiged,Programmer Analyst IV,Female,Ribeirão Pires,18797,1977/03/08
11,Dael Boggas,Senior Sales Associate,Female,Banyubang,15412,1994/01/11
12,Hasty Farrey,Help Desk Operator,Male,Kristiansand S,2754,1967/11/22
13,Fernandina Hentzer,Financial Analyst,Female,Anzihao,7739,1978/04/05
14,Baillie Deboo,Analyst Programmer,Male,Hamburg,7939,1989/09/23
15,Adrea Wurst,Research Assistant I,Female,Santo Tomas,13031,1967/12/28
16,Howie Wykes,Quality Control Specialist,Male,Sumbermanggis,13727,1971/06/21
17,Ahmed Arbon,Mechanical Systems Engineer,Male,Kandhkot,16645,1976/05/28
18,Trula Craigheid,Accountant II,Female,Talisayan,10541,1971/01/08
19,Rosmunda Marquis,Senior Financial Analyst,Female,Basoko,11855,1969/03/11
20,Berget Pinnington,Analog Circuit Design manager,Female,Chigan,19031,1965/07/04
21,Kinsley Brandts,Mechanical Systems Engineer,Male,Maltahöhe,7428,1993/03/06
22,Sherlock Martensen,Health Coach I,Male,Neepawa,10869,1967/02/28
23,Blanche Guerro,Payment Adjustment Coordinator,Female,Tianxin,15582,1991/04/08
24,Ariana Gaymer,Physical Therapy Assistant,Female,Kwangju,1650,1980/02/28
25,Malinda Houdmont,Speech Pathologist,Female,Ouadda,2340,1956/12/25
26,Monah Heine,VP Marketing,Female,Kuala Terengganu,1669,1972/01/13
27,Rogers Pohls,Librarian,Male,Kara,12633,1996/05/22
28,Lurleen Durtnal,Computer Systems Analyst I,Female,Xiaofayi,15026,1962/09/29
29,Gregoire Gerriet,Help Desk Operator,Male,Mikun’,7404,1968/12/03
30,Kenny McCoish,Senior Editor,Male,Coayllo,15630,1983/09/18
31,Orlando Balaison,Account Executive,Male,Taiping,7985,1974/10/16
32,Harry Corneck,Structural Engineer,Male,Babakan,3189,1963/09/21
33,Jemmie Buchan,Pharmacist,Female,Bokani,18519,1978/07/10
34,Barret Jacmar,Senior Editor,Male,Rožďalovice,8715,1988/09/27
35,Christy Frapwell,Staff Accountant II,Female,Zhaowu,9229,1973/03/27
36,Faustine Muirden,Biostatistician III,Female,Limoncito,18569,1961/08/26
37,Oralle Hebborn,Design Engineer,Female,Zhovti Vody,19600,1976/01/05
38,Asia Arntzen,Geological Engineer,Female,Guanshan,917,1978/04/19
39,Daile Oakeshott,Web Developer I,Female,Gryfino,884,1964/09/05
40,Ranique Hucke,Financial Analyst,Female,Heidelberg,10141,1970/03/27
41,Niles Yacob,Graphic Designer,Male,Kaliska,16871,1985/07/23
42,Dolf Smaile,Payment Adjustment Coordinator,Male,Nangabere,15556,1958/10/23
43,Amble Batrop,Recruiter,Male,Casais,5246,1962/05/30
44,Haze Cherm,VP Accounting,Male,Kulaman,6490,1996/03/27
45,Deonne Eick,Environmental Tech,Female,Ringinagung,2599,1982/03/25
46,Tito Fitzsymon,Senior Editor,Male,Yuwan,2360,1988/04/15
47,Naoma Alliban,VP Marketing,Female,Katsuta,13545,1963/01/13
48,Jenny Colliss,Database Administrator I,Female,Karagay,5398,1972/10/03
49,Laurette Beahan,Web Designer I,Female,Yamparáez,3714,1968/11/04
50,Lancelot Clifford,Nurse,Male,Girón,3472,1997/03/09
51,Constantine Caspell,Programmer III,Male,Calhetas,15952,1978/01/03
52,Jodi Guittet,Technical Writer,Male,Igrim,5163,1977/01/31
53,Ulysses La Vigne,VP Marketing,Male,Tashtagol,11832,1989/11/29
54,Delia Beales,Administrative Assistant I,Female,Kebunkelapa,8456,1977/09/20
55,Storm Aire,Community Outreach Specialist,Female,Momignies,9138,1957/03/15
56,Loretta Oliva,Graphic Designer,Female,Itacurubí del Rosario,16071,1980/06/05
57,Reynolds Pleass,Analog Circuit Design manager,Male,Kanash,897,1988/10/10
58,Reuven Robroe,Occupational Therapist,Male,Rio Real,17700,1981/01/18
59,Naomi Barrows,Compensation Analyst,Female,Mochumí,10006,1977/10/01
60,Marcello De Malchar,Administrative Assistant III,Male,Kalbugan,5657,1959/10/10
61,Mariquilla Lober,Financial Analyst,Female,Muara Dua,15754,1984/11/26
62,Cicely Budd,Executive Secretary,Female,Toulouse,1488,1966/01/14
63,Ado Juster,Structural Engineer,Male,Shingū,11463,1972/05/15
64,North Lightbourne,Compensation Analyst,Male,Baiyun,5250,1960/02/19
65,Brien Locksley,Payment Adjustment Coordinator,Male,Koch'ang,19321,1957/03/12
66,Dorotea Bramwell,Marketing Manager,Female,Huta Stara B,9210,1985/12/12
67,Ashlin Tomeo,Account Representative III,Male,Umuquena,11855,1980/11/22
68,Haven More,Electrical Engineer,Male,Petiga,15597,1964/01/30
69,Angy Keizman,Biostatistician II,Female,Włosienica,1322,1994/11/28
70,Anderea Truckett,Desktop Support Technician,Female,Ilihan,1338,1957/04/01
71,Theodoric Freathy,Web Designer IV,Male,Phoenix,6092,1976/08/26
72,Nikolos Caslane,Senior Cost Accountant,Male,Ngozi,11467,1984/02/04
73,Garvey Pinwill,Software Test Engineer IV,Male,Gongjiang,15818,1975/08/18
74,Ailis Gierhard,Quality Engineer,Female,Horta,18952,1970/08/04
75,Susanetta O' Gara,Teacher,Female,Lions Bay,17220,1977/07/30
76,Mollee Farrier,Business Systems Development Analyst,Female,Xiangfu,3392,1986/03/11
77,Abbe Yushankin,VP Sales,Male,Yorii,5732,1970/02/19
78,Idette Braybrook,Software Engineer III,Female,Mata de São João,11210,1962/03/09
79,Hedwiga Ethelston,Community Outreach Specialist,Female,Verkhniy Landekh,1683,1991/10/27
80,Filippa Steuart,Financial Advisor,Female,Majāz al Bāb,2409,1986/06/07
81,Laurene Spick,Quality Control Specialist,Female,San Calixto,3883,1976/08/01
82,Tracy Tinkham,Assistant Media Planner,Male,Santa Isabel,13422,1993/01/06
83,Trula Duchasteau,Accountant III,Female,Ansheng,2616,1996/03/26
84,Hadrian Ussher,Quality Control Specialist,Male,Zhongdeng,7081,1962/03/17
85,Meredeth Slayton,Nurse,Male,Juazeiro do Norte,8251,1958/07/21
86,Cash Vaugham,Desktop Support Technician,Male,Saraktash,3372,1968/08/23
87,Adrian Berndsen,Geological Engineer,Female,Buenavista,10890,1991/06/06
88,Art Pennone,Senior Quality Engineer,Male,Hai Riêng,6049,1998/02/03
89,Stefano Hrinchishin,Accountant IV,Male,Guli,9078,1956/07/31
90,Gwendolen Dreng,Dental Hygienist,Female,Sanxing,14068,1968/09/07
91,Amalle Van den Oord,Engineer III,Female,Sparks,12802,1960/11/28
92,Hobart Penney,VP Quality Control,Male,Maubara,12306,1955/07/19
93,Ernaline Purcer,Accountant IV,Female,Sevilla,13093,1983/11/24
94,Nate Blakebrough,Help Desk Technician,Male,Kowingir,13305,1997/02/21
95,Giulia Batts,Executive Secretary,Female,Lingsar,13367,1990/01/25
96,Flory Dran,Structural Analysis Engineer,Female,Samothráki,1100,1994/05/13
97,Kit Wix,Accountant IV,Female,Virginia Beach,16804,1968/11/14
98,Christean Carmel,Statistician III,Female,Quetta,8872,1984/03/21
99,Ximenes MacLaverty,Media Manager IV,Male,Spiczyn,2198,1985/08/17
100,Vera Dunthorn,VP Marketing,Female,Lutun,13890,1972/10/22
101,Rina Gosdin,Junior Executive,Female,Bromma,13234,1983/06/24
102,Arline Steffans,Business Systems Development Analyst,Female,Al Burayqah,6962,1984/02/13
103,Pamela Sargeaunt,Financial Analyst,Female,São Domingos,19746,1980/05/30
104,Denyse Simonou,Information Systems Manager,Female,Yaguajay,3410,1974/03/24
105,Korie Pimme,Librarian,Female,Mautapaga Bawah,8105,1995/05/14
106,Con Constantine,Dental Hygienist,Male,Pālang,1247,1964/06/09
107,Emelina Dumberell,Pharmacist,Female,Kolodenka,17299,1995/01/09
108,Pearce Galer,Nuclear Power Engineer,Male,Vardenik,7526,1990/01/12
109,Garrek Guilaem,Financial Advisor,Male,Chã,16041,1985/06/13
110,Henri Osgordby,Human Resources Assistant IV,Male,Fushan,4454,1964/12/13
111,Chane Mathiassen,Chemical Engineer,Male,Pretana,19103,1975/05/11
112,Rebecka Wennam,Environmental Tech,Female,Muara Sabak,17112,1977/08/22
113,Leland Dagger,Cost Accountant,Male,Akademgorodok,19690,1983/12/03
114,Inglebert Mathys,Product Engineer,Male,Hemudu,16203,1971/03/27
115,Sisely Drabble,Mechanical Systems Engineer,Female,Bileća,6361,1989/05/20
116,Hettie Gecks,Mechanical Systems Engineer,Female,Murillo,13640,1998/03/28
117,Clemence Treleaven,Chemical Engineer,Female,Guashe,19037,1965/01/30
118,Weber Syncke,VP Quality Control,Male,Nguluhan,19374,1971/02/09
119,Cthrine Aloshkin,Analyst Programmer,Female,Anjani Barat,617,1980/07/02
120,Jojo Rodolphe,Product Engineer,Female,Roun Satu,5318,1993/12/29
121,Sibby Pridden,Recruiter,Female,Usol’ye,8976,1969/08/10
122,Domini Bibey,Nurse,Female,Sudislavl’,11870,1996/03/09
123,Rinaldo Golden,Physical Therapy Assistant,Male,Las Vegas,15374,1958/01/23
124,Ellen Brackenridge,Accountant III,Female,San Pablo,3155,1986/09/15
125,Kennith Bird,Human Resources Manager,Male,Dongobesh,4048,1961/08/24
126,Archy Brabbins,Web Developer I,Male,Toul,6819,1988/10/28
127,Kata Quince,Librarian,Female,Mithi,741,1956/07/16
128,Gusty Razoux,VP Quality Control,Female,Lipce Reymontowskie,14672,1987/11/09
129,Eva Tupman,Safety Technician IV,Female,Krajan Nglinggis,998,1977/11/11
130,Alfredo Sporner,Professor,Male,Buzovna,13051,1974/01/23
131,Hayden Gildea,Human Resources Assistant II,Male,Jacareí,8145,1957/07/06
132,Claus Gwilym,Developer II,Male,Al Maşdūr,904,1971/06/03
133,Arlen Parris,Nuclear Power Engineer,Male,Zhukovskiy,17654,1967/07/03
134,Gretta Cyseley,Physical Therapy Assistant,Female,Gaoqiao,13655,1978/03/05
135,Elianore Hinckesman,Physical Therapy Assistant,Female,Stockholm,12138,1981/09/14
136,Winnie Mollon,Media Manager IV,Male,Bābolsar,18923,1973/12/16
137,Babette Chorley,Project Manager,Female,Jingtou,8470,1973/06/26
138,Carma Kaser,Financial Analyst,Female,Barubandung,8329,1970/05/11
139,Korie Fromant,Executive Secretary,Female,Sladna,11399,1994/04/13
140,Wilek Pruckner,Operator,Male,Yangsan,15942,1978/10/09
141,Xenos Garz,Speech Pathologist,Male,Camaquã,2573,1955/09/13
142,Erika Biever,Cost Accountant,Female,Mukō,6972,1971/06/05
143,Ian Andrzejczak,Registered Nurse,Male,Shencun,14152,1995/01/31
144,Delmore Swigg,Marketing Assistant,Male,Waikambila,9435,1965/05/24
145,Averell Rushmere,Director of Sales,Male,Zhangdu,8149,2000/10/14
146,Cloris Gaskell,Human Resources Assistant II,Female,Tokoname,17719,1992/04/05
147,Jobina Swyndley,Cost Accountant,Female,Nīkêh,7307,2000/12/26
148,Steven Grimsey,VP Product Management,Male,Kyzyl,5842,1955/09/18
149,Johanna Haskayne,Cost Accountant,Female,Muravlenko,19852,1971/11/21
150,Xylina Hassett,GIS Technical Architect,Female,Springfield,8775,1991/11/21
151,Roderigo Ferrier,Statistician I,Male,Puerto Obaldía,19227,1963/04/20
152,Ealasaid Eby,VP Product Management,Female,Stockholm,15298,1966/01/03
153,Caro Bolesma,Senior Quality Engineer,Female,Glagahdowo,5028,1974/03/26
154,Brynna Lilly,Administrative Officer,Female,Butungan,9570,1961/05/20
155,Morrie Clemente,Senior Sales Associate,Male,Uba,6016,1990/03/06
156,Beverie Dagworthy,Payment Adjustment Coordinator,Female,Carrasqueira,9149,1979/03/18
157,Farrand Merryman,Office Assistant IV,Female,Zhuyu,18269,1966/11/16
158,Janeva Willans,Software Engineer I,Female,Pamiers,6938,1971/05/11
159,Gail Rilton,Librarian,Female,Ruen,2138,1983/09/22
160,Claudio Wannell,Nuclear Power Engineer,Male,Usarin,16349,1963/06/16
161,Rozalie Endrighi,Accountant II,Female,Yiyang,5098,1987/11/01
162,Dael Collisson,Research Nurse,Female,Quinta,4354,1999/02/07
163,Kathryn Grigolon,Speech Pathologist,Female,Strohonivka,14297,1972/09/29
164,Filippa Leaburn,Biostatistician III,Female,Kokhanava,9629,1984/11/21
165,Ingram Whitter,Chief Design Engineer,Male,Caçador,11646,1988/11/06
166,Ethe Schubuser,Executive Secretary,Male,Vinhas,6961,1981/07/18
167,Fleurette Sherar,Data Coordiator,Female,Pingdingshan,3738,1977/04/03
168,Neel Gerault,VP Quality Control,Male,Novaya Lyalya,2594,1956/11/27
169,Renault Burchill,VP Sales,Male,Kokoshkino,18747,1965/02/21
170,Skip Simoneschi,Senior Editor,Male,Gujun,712,1978/03/07
171,Basilius Arnold,Director of Sales,Male,Nassau,1525,1976/02/27
172,Tony Astling,Marketing Assistant,Male,Higashimurayama-shi,16966,1996/03/21
173,Mirella Andreaccio,Director of Sales,Female,Baiqi,11985,1957/11/24
174,Genvieve Tangye,Design Engineer,Female,Bokani,9704,1969/09/14
175,Robena Ughi,Quality Engineer,Female,Nova Prata,4011,2000/11/16
176,Tucky Grimolbie,Senior Quality Engineer,Male,Paraíso,10522,1995/12/11
177,Don Maas,Graphic Designer,Male,Kirovs’k,6530,1956/06/04
178,Chrissy Critch,Safety Technician III,Male,Fengshan,19051,1971/02/10
179,Sybilla Stapylton,Chemical Engineer,Female,Datarkadu,1561,1960/12/26
180,Annie Glandfield,Systems Administrator IV,Female,Lillooet,4258,1967/11/14
181,Bernie Heddy,Social Worker,Male,Ibabang Tayuman,9587,1965/05/02
182,Lucine Cousin,Analyst Programmer,Female,Patiya,1887,1980/11/28
183,Holden Grosvenor,Help Desk Operator,Male,Litibakul,12311,1993/05/01
184,Willie Blinde,Nuclear Power Engineer,Male,Jurh,15821,1963/04/07
185,Mariele Bestiman,Engineer II,Female,Owode,13571,1968/05/30
186,Orran Glas,Nurse Practicioner,Male,High River,10361,1998/05/14
187,Claude Ivanyukov,Marketing Manager,Female,Shangshaleng,3857,1983/03/10
188,Lincoln Connett,Recruiting Manager,Male,Santa Bárbara,17871,1993/11/06
189,Rosalynd Fidell,Web Developer IV,Female,Morales,14971,1999/05/10
190,Ernest Kimm,Chemical Engineer,Male,Montaneza,11134,1964/04/06
191,Etan Ganders,VP Sales,Male,Kamigyō-ku,15179,1979/09/17
192,Blake Renvoise,Nurse Practicioner,Male,Ban Dan,17010,1996/12/18
193,Ninon Milton-White,Accounting Assistant II,Female,Heqiao,7655,1955/01/30
194,Mariam Willshee,Assistant Manager,Female,Celica,10410,1980/11/12
195,Herold Fandrich,Financial Analyst,Male,Zhetian,17468,1956/03/07
196,Ambrose Dmisek,Help Desk Operator,Male,Kuznechnoye,6272,1989/01/18
197,Kacy Luscott,Financial Advisor,Female,Shilibu,3567,1989/09/08
198,Dolph Mart,Business Systems Development Analyst,Male,Dahe,9732,1964/02/19
199,Launce Ficken,Biostatistician I,Male,Lancang,2347,1967/03/30
200,Angie Gouda,Junior Executive,Male,Bilao,1599,1984/01/30
